{
  "total_records": 25457,
  "total_columns": 18,
  "memory_usage_mb": 4.5070953369140625,
  "duplicate_rows": "0",
  "missing_data": {
    "total_missing_values": "0",
    "columns_with_missing": "0",
    "missing_percentage": 0.0
  },
  "data_types": {
    "category": 7,
    "float64": 7,
    "int64": 2,
    "string": 1,
    "datetime64[ns]": 1
  },
  "numeric_summary": {
    "Air Pollution Level": {
      "count": 25457.0,
      "mean": 20.851712927681973,
      "std": 18.290494736467586,
      "min": 0.016,
      "25%": 6.852,
      "50%": 15.4,
      "75%": 28.156,
      "max": 103.407
    },
    "Longitude": {
      "count": 25457.0,
      "mean": -3.120760419530974,
      "std": 3.0053760698679297,
      "min": -9.1861,
      "25%": -5.6389,
      "50%": -3.5806,
      "75%": -0.5275,
      "max": 3.3158
    },
    "Latitude": {
      "count": 25457.0,
      "mean": 40.77169428055152,
      "std": 2.170779209337981,
      "min": 36.135,
      "25%": 39.4781,
      "50%": 41.2389,
      "75%": 42.7036,
      "max": 43.6983
    },
    "Altitude": {
      "count": 25457.0,
      "mean": 344.852614212201,
      "std": 336.6598784865035,
      "min": 1.0,
      "25%": 40.0,
      "50%": 216.0,
      "75%": 619.0,
      "max": 1930.0
    },
    "Respiratory_diseases_total": {
      "count": 25457.0,
      "mean": 1735.9731311623523,
      "std": 1892.8864178889626,
      "min": 84.0,
      "25%": 547.0,
      "50%": 917.0,
      "75%": 1617.0,
      "max": 7340.0
    },
    "Life_expectancy_total": {
      "count": 25457.0,
      "mean": 82.12173626114625,
      "std": 1.3999465546228875,
      "min": 77.32,
      "25%": 81.18,
      "50%": 82.26,
      "75%": 83.14,
      "max": 84.93
    },
    "pib": {
      "count": 25457.0,
      "mean": 23.428201359154656,
      "std": 5.377727695996771,
      "min": 10.432,
      "25%": 19.318,
      "50%": 22.414,
      "75%": 27.546,
      "max": 38.711
    },
    "Population": {
      "count": 25457.0,
      "mean": 1832274.66700711,
      "std": 2044854.6407048935,
      "min": 88600.0,
      "25%": 525835.0,
      "50%": 955323.0,
      "75%": 1939527.0,
      "max": 6779888.0
    },
    "respiratory_deaths_per_100k": {
      "count": 25457.0,
      "mean": 102.7850300506737,
      "std": 26.23923547266377,
      "min": 49.16,
      "25%": 84.21,
      "50%": 96.89,
      "75%": 117.03,
      "max": 218.17
    }
  },
  "categorical_summary": {
    "Air Pollutant": {
      "unique_values": 5,
      "most_frequent": "no2"
    },
    "Data Aggregation Process": {
      "unique_values": 1,
      "most_frequent": "annual mean / 1 calendar year"
    },
    "Unit Of Air Pollution Level": {
      "unique_values": 1,
      "most_frequent": "ug/m3"
    },
    "Air Quality Station Type": {
      "unique_values": 3,
      "most_frequent": "background"
    },
    "Air Quality Station Area": {
      "unique_values": 3,
      "most_frequent": "urban"
    },
    "Province": {
      "unique_values": 47,
      "most_frequent": "Madrid"
    },
    "Quality": {
      "unique_values": 5,
      "most_frequent": "buena"
    }
  }
}